regionName,dataDate,minT,maxT
中部地區,2026-10-06,21,28
中部地區,2026-10-07,21,32
中部地區,2026-10-08,21,33
中部地區,2026-10-09,21,33
中部地區,2026-10-10,22,33
中部地區,2026-10-11,22,33
中部地區,2026-10-12,22,33
中部地區,2026-10-13,22,33
北部地區,2026-10-06,21,24
北部地區,2026-10-07,21,29
北部地區,2026-10-08,21,30
北部地區,2026-10-09,22,31
北部地區,2026-10-10,24,32
北部地區,2026-10-11,24,31
北部地區,2026-10-12,24,32
北部地區,2026-10-13,24,32
南部地區,2026-10-06,22,29
南部地區,2026-10-07,22,32
南部地區,2026-10-08,22,32
南部地區,2026-10-09,23,33
南部地區,2026-10-10,23,33
南部地區,2026-10-11,24,33
南部地區,2026-10-12,24,33
南部地區,2026-10-13,24,33
東北部地區,2026-10-06,21,23
東北部地區,2026-10-07,21,25
東北部地區,2026-10-08,21,28
東北部地區,2026-10-09,22,28
東北部地區,2026-10-10,24,29
東北部地區,2026-10-11,24,30
東北部地區,2026-10-12,24,30
東北部地區,2026-10-13,24,31
東南部地區,2026-10-06,24,26
東南部地區,2026-10-07,24,29
東南部地區,2026-10-08,24,30
東南部地區,2026-10-09,24,31
東南部地區,2026-10-10,25,31
東南部地區,2026-10-11,25,31
東南部地區,2026-10-12,25,31
東南部地區,2026-10-13,25,31
東部地區,2026-10-06,23,25
東部地區,2026-10-07,23,27
東部地區,2026-10-08,23,28
東部地區,2026-10-09,23,30
東部地區,2026-10-10,24,30
東部地區,2026-10-11,24,30
東部地區,2026-10-12,24,30
東部地區,2026-10-13,24,30
